treatment,species,prob,SE,df,asymp.LCL,asymp.UCL
airbrush,acropora,0.7486367231769903,0.11489404093504113,Inf,0.47369668013520694,0.907879969972664
dremel,acropora,0.06628236268994948,0.045496052361604714,Inf,0.01652747788704803,0.23068717671919703
airbrush,pocillopora,0.7867985389528619,0.11874377293747838,Inf,0.4795922008957656,0.9366209880632655
dremel,pocillopora,0.08084877762933972,0.057045415506151796,Inf,0.019162973122033206,0.2836731212640114
airbrush,porites,0.682352926306036,0.16319627748390214,Inf,0.32935240598635335,0.9038129450716829
dremel,porites,0.04870702565004046,0.04068030532994457,Inf,0.00907799075670572,0.22248994683021855
