Term,DF,Chi-square,P-value
treatment,1,20.93832986340746,4.74308460477818e-6
species,2,0.3175935251317412,0.8531697373783449
