Term,OR,CI Lower,CI Upper,P-value
Dremel vs Airbrush,25.957824897592364,3.3284614883451815,202.43847668763766,0.0018871421334675606
Pocillopora vs Acropora,0.19573985183399512,0.03948574756280714,0.9703270663687166,0.04584220368509741
Porites vs Acropora,0.4621698254552134,0.12888264324863036,1.6573290411901325,0.23618335245795116
