Term,DF,Chi-square,P-value
treatment,1,16.248116737742947,5.5564798232526815e-5
species,2,4.80287111298442,0.09058781597469057
