term,estimate,std.error,statistic,p.value,conf.low,conf.high,OR,OR_low,OR_high
(Intercept),-3.8710440237646844,1.0214898454062329,-3.789605977164875,1.5088642963035804e-4,-5.873127331334288,-1.868960716195081,0.020836604155548603,0.002814059063541042,0.15428392330497118
treatmentdremel,3.2564731016380835,1.0479595217673072,3.10744168452831,0.0018871421334675606,1.2025101817183432,5.310436021557823,25.957824897592364,3.3284614883451815,202.43847668763766
speciespocillopora,-1.630968787937876,0.8167735315908077,-1.9968433413375704,0.04584220368509741,-3.231815493381447,-0.03012208249430537,0.19573985183399512,0.03948574756280714,0.9703270663687166
speciesporites,-0.7718228678787586,0.6515579740954804,-1.184580495619342,0.23618335245795116,-2.0488530309457813,0.505207295188264,0.4621698254552134,0.12888264324863036,1.6573290411901325
