effect,term,estimate,std.error,statistic,p.value,conf.low,conf.high,OR,OR_low,OR_high
fixed,(Intercept),-21.56606988762332,1485.8589627211466,-0.014514210587072158,0.9884197420490741,-2933.7961229271123,2890.663983151866,4.305016808636e-10,0,Inf
fixed,treatmentdremel,43.132138524254515,2527.7708783146386,0.017063310165600278,0.9863861088948188,-4911.207744141615,4997.472021190124,5395724336280935e3,0,Inf
fixed,speciespocillopora,0.11710222241944966,2194.479076831355,5.336219591053723e-5,0.9999574231277727,-4300.982853193741,4301.217057638581,1.12423434577179,0,Inf
fixed,speciesporites,20.872922689574263,1485.8426277662722,0.014047869067367772,0.9887917908030842,-2891.325114426672,2933.0709598058206,1161435630.7562563,0,Inf
fixed,treatmentdremel:speciespocillopora,-22.376318075926203,2939.0963726396717,-0.0076133325481360465,0.9939254981861961,-5782.899355541995,5738.146719390143,1.914646200782351e-10,0,Inf
fixed,treatmentdremel:speciesporites,-20.98718745577921,4252.494674344689,-0.004935264841692799,0.99606224436456,-8355.723593619752,8313.749218708193,7.680337366782493e-10,0,Inf
