species,treatment,prob,SE,df,asymp.LCL,asymp.UCL
acropora,airbrush,4.305016806782683e-10,6.396647804269453e-7,Inf,2.2204460492503126e-16,0.9999999999999998
pocillopora,airbrush,4.839847753051045e-10,1.196572121912969e-6,Inf,2.2204460492503126e-16,0.9999999999999998
porites,airbrush,0.33333332944686395,0.2745709858115264,Inf,0.04250011547687019,0.8492235789590566
acropora,dremel,0.9999999995694978,1.220251687488675e-6,Inf,2.2204460492503126e-16,0.9999999999999998
pocillopora,dremel,0.33333332526319703,0.27457425228770094,Inf,0.04249894172633456,0.8492272673461765
porites,dremel,0.9999999995173859,2.1865643434274076e-6,Inf,2.2204460492503126e-16,0.9999999999999998
