contrast,species,odds.ratio,SE,df,null,z.ratio,p.value
dremel / airbrush,acropora,5395724336280935e3,13639154844664532e6,Inf,1,0.017063310165600278,0.9863861088948188
dremel / airbrush,pocillopora,1033090310.0929166,2554136198015.8286,Inf,1,0.00839525981420021,0.9933016304943596
dremel / airbrush,porites,4144098324.0796137,18775643236106.44,Inf,1,0.004887760885507981,0.9961001465806137
