Term,OR,CI Lower,CI Upper,P-value,outcome
Dremel vs Airbrush,0.06187873886448346,0.02666892885586346,0.14357450740347572,9.195120589389016e-11,algae
Pocillopora vs Acropora,1.0196490397262616,0.389692691648927,2.6679591034038066,0.9683718533995882,algae
Porites vs Acropora,0.7297194397581691,0.2742440177412409,1.941666641069269,0.5280056910973165,algae
