Term,OR,CI Lower,CI Upper,P-value,outcome
Dremel vs Airbrush,52.213805959770156,9.68917500887353,281.3739591149658,4.17243106248814e-6,regenerated
Pocillopora vs Acropora,0.09140071831737867,0.020638081718389642,0.40479010709066326,0.0016265028290438702,regenerated
Porites vs Acropora,1.0704831455935835,0.37636272259087666,3.0447600046873275,0.8983811127026784,regenerated
