Species,Term,OR,CI Lower,CI Upper,P-value,N
acropora,Dremel vs Airbrush,0.009579955758528113,0.0014790318304857444,0.06205110021548014,1.0816618172686348e-6,70
pocillopora,Dremel vs Airbrush,0.5072464172337141,0.1449049544537509,1.7756392717307736,0.2883291406935495,41
porites,Dremel vs Airbrush,0.03634668942535923,0.005157226217531124,0.25616131161606304,8.779414648699455e-4,39
