term,Df,logLik,AIC,LRT,Pr(>Chi)
<none>,NA,-139.60264467786027,289.20528935572054,NA,NA
treatment,1,-133.9465488523115,279.893097704623,11.312191651097521,7.69998321677945e-4
species,2,-138.60469553894131,291.20939107788263,1.9958982778379095,0.36863468498521484
