treatment,species,prob,SE,df,asymp.LCL,asymp.UCL
airbrush,acropora,0.0169041405177679,0.017132741202539478,Inf,0.0022743721922719594,0.11481019363649804
dremel,acropora,0.5830958595147531,0.08224532402155041,Inf,0.41882201713980477,0.7307835400250378
airbrush,pocillopora,0.0012733851931105906,0.0016121327264402858,Inf,1.0628054261737666e-4,0.015063799331876893
dremel,pocillopora,0.09396471591385909,0.06321473713210626,Inf,0.023626592032741308,0.30771034182135953
airbrush,porites,0.018172095126413507,0.018940845473662093,Inf,0.002305343878878284,0.1291111943259116
dremel,porites,0.6008755239560024,0.10454348075911771,Inf,0.39048650003302443,0.7796274441490383
