Term,DF,Chi-square,P-value
treatment,1,31.790448184938825,1.7173524443111217e-8
species,2,14.132379831606926,8.534787480516992e-4
