treatment,n,n_regenerated,prop_regen
airbrush,77,1,0.012987012987012988
dremel,74,33,0.44594594594594594
