Species,Outcome,p_raw,p_BH_FDR,p_Bonferroni,sig_raw,sig_BH,sig_Bonferroni,family_size
Porites spp.,RFP,1.4672500719120965e-6,8.80350043147258e-6,8.80350043147258e-6,TRUE,TRUE,TRUE,6
Porites spp.,Pink,6.918319419676957e-6,2.075495825903087e-5,4.150991651806174e-5,TRUE,TRUE,TRUE,6
Porites spp.,Polyps in Center of Wound,0.01198450644250342,0.02396901288500684,0.07190703865502052,TRUE,TRUE,FALSE,6
Porites spp.,Yellow Aggregations,0.0208795165059984,0.0313192747589976,0.1252770990359904,TRUE,TRUE,FALSE,6
Porites spp.,Coenosarc Coverage,0.05818362078312429,0.06982034493974915,0.3491017246987458,FALSE,FALSE,FALSE,6
Porites spp.,Algal Plug,0.5806952106030657,0.5806952106030657,1,FALSE,FALSE,FALSE,6
